{"name":"20bfb9f5-cc36-404c-9280-6fc06dbb6c93","id":"/providers/Microsoft.Flow/flows/20bfb9f5-cc36-404c-9280-6fc06dbb6c93","type":"Microsoft.Flow/flows","properties":{"apiId":"/providers/Microsoft.PowerApps/apis/shared_logicflows","displayName":"Team-Creation-Flow-SP","definition":{"metadata":{"workflowEntityId":null,"flowclientsuspensionreason":"None","flowclientsuspensiontime":null,"creator":{"id":"b6b7bab2-bac5-42b0-9773-9e43211f7d46","type":"User","tenantId":"9567eb6a-f464-4b1d-9451-b90af4cdc7d1"},"provisioningMethod":"FromDefinition","failureAlertSubscription":true,"clientLastModifiedTime":"2021-01-28T17:44:19.9199357Z"},"$schema":"https://schema.management.azure.com/providers/Microsoft.Logic/schemas/2016-06-01/workflowdefinition.json#","contentVersion":"1.0.0.0","parameters":{"$connections":{"defaultValue":{},"type":"Object"},"$authentication":{"defaultValue":{},"type":"SecureObject"}},"triggers":{"When_an_item_is_created":{"recurrence":{"frequency":"Minute","interval":3},"splitOn":"@triggerOutputs()?['body/value']","type":"OpenApiConnection","inputs":{"host":{"apiId":"/providers/Microsoft.PowerApps/apis/shared_sharepointonline","connectionName":"shared_sharepointonline","operationId":"GetOnNewItems"},"parameters":{"dataset":"https://m365x618519.sharepoint.com/sites/HelpDesk/","table":"fea4fde0-07b5-4421-882f-baac8909f90e"},"authentication":"@parameters('$authentication')"}}},"actions":{"Get_item_-_Get_New_Item_in_List":{"runAfter":{"Initialize_variable__-_GeneralChannelID":["Succeeded"]},"type":"OpenApiConnection","inputs":{"host":{"apiId":"/providers/Microsoft.PowerApps/apis/shared_sharepointonline","connectionName":"shared_sharepointonline","operationId":"GetItem"},"parameters":{"dataset":"https://m365x618519.sharepoint.com/sites/HelpDesk/","table":"fea4fde0-07b5-4421-882f-baac8909f90e","id":"@triggerOutputs()?['body/ID']"},"authentication":"@parameters('$authentication')"}},"Update_item_-_Changes_Status_to_Approval_Started":{"runAfter":{"Get_item_-_Get_New_Item_in_List":["Succeeded"]},"type":"OpenApiConnection","inputs":{"host":{"apiId":"/providers/Microsoft.PowerApps/apis/shared_sharepointonline","connectionName":"shared_sharepointonline","operationId":"PatchItem"},"parameters":{"dataset":"https://m365x618519.sharepoint.com/sites/HelpDesk/","table":"fea4fde0-07b5-4421-882f-baac8909f90e","id":"@outputs('Get_item_-_Get_New_Item_in_List')?['body/ID']","item/Title":"@{outputs('Get_item_-_Get_New_Item_in_List')?['body/TeamName']}-@{outputs('Get_item_-_Get_New_Item_in_List')?['body/ID']}","item/TeamName":"@outputs('Get_item_-_Get_New_Item_in_List')?['body/TeamName']","item/TeamDescription":"@outputs('Get_item_-_Get_New_Item_in_List')?['body/TeamDescription']","item/Status/Value":"Approval Started"},"authentication":"@parameters('$authentication')"}},"Initialize_variable_-_Comments":{"runAfter":{"Initialize_variable_-_Approvers":["Succeeded"]},"type":"InitializeVariable","inputs":{"variables":[{"name":"Comments","type":"string"}]}},"Initialize_variable_-_TeamsHelpLink":{"runAfter":{"Initialize_variable_-_Comments":["Succeeded"]},"type":"InitializeVariable","inputs":{"variables":[{"name":"TeamsHelpLink","type":"string"}]}},"Initialize_variable__-_GeneralChannelID":{"runAfter":{"Initialize_variable_-_TeamsHelpLink":["Succeeded"]},"type":"InitializeVariable","inputs":{"variables":[{"name":"GeneralChannelID","type":"string"}]}},"Scope_-_Approval_Step":{"actions":{"Start_and_wait_for_an_approval":{"runAfter":{},"type":"OpenApiConnectionWebhook","inputs":{"host":{"apiId":"/providers/Microsoft.PowerApps/apis/shared_approvals","connectionName":"shared_approvals","operationId":"StartAndWaitForAnApproval"},"parameters":{"approvalType":"Basic","WebhookApprovalCreationInput/title":"Request for Teams Creation has been submitted","WebhookApprovalCreationInput/assignedTo":"@{variables('Approvers')};","WebhookApprovalCreationInput/details":"@{outputs('Update_item_-_Changes_Status_to_Approval_Started')?['body/Author/DisplayName']} has request the following Teams @{outputs('Update_item_-_Changes_Status_to_Approval_Started')?['body/TeamName']} to be created for the following purpose: @{outputs('Update_item_-_Changes_Status_to_Approval_Started')?['body/TeamDescription']}\n\nDepartment :@{outputs('Update_item_-_Changes_Status_to_Approval_Started')?['body/Department/Value']}\n","WebhookApprovalCreationInput/itemLink":"@outputs('Get_item_-_Get_New_Item_in_List')?['body/{Link}']","WebhookApprovalCreationInput/itemLinkDescription":"@outputs('Get_item_-_Get_New_Item_in_List')?['body/TeamName']","WebhookApprovalCreationInput/enableNotifications":true,"WebhookApprovalCreationInput/enableReassignment":true},"authentication":"@parameters('$authentication')"}},"Condition":{"actions":{"Apply_to_each_-_Add_Comments_to_Var_Comments_-_Approved":{"foreach":"@outputs('Start_and_wait_for_an_approval')?['body/responses']","actions":{"Set_variable_-_Approved_Comments":{"runAfter":{},"type":"SetVariable","inputs":{"name":"Comments","value":"@items('Apply_to_each_-_Add_Comments_to_Var_Comments_-_Approved')?['comments']"}}},"runAfter":{},"type":"Foreach"},"Update_item_-_Changes_Status_to_Approved_and_Add_Comments":{"runAfter":{"Apply_to_each_-_Add_Comments_to_Var_Comments_-_Approved":["Succeeded"]},"type":"OpenApiConnection","inputs":{"host":{"apiId":"/providers/Microsoft.PowerApps/apis/shared_sharepointonline","connectionName":"shared_sharepointonline","operationId":"PatchItem"},"parameters":{"dataset":"https://m365x618519.sharepoint.com/sites/HelpDesk","table":"fea4fde0-07b5-4421-882f-baac8909f90e","id":"@triggerOutputs()?['body/ID']","item/Status/Value":"Approved","item/ApproverComments":"@variables('Comments')","item/Visibility/Value":"Private"},"authentication":"@parameters('$authentication')"}}},"runAfter":{"Start_and_wait_for_an_approval":["Succeeded"]},"else":{"actions":{"Apply_to_each_-_Add_Comments_to_Variable_Comments_-_Rejected":{"foreach":"@outputs('Start_and_wait_for_an_approval')?['body/responses']","actions":{"Set_variable_-_Rejected_Comments":{"runAfter":{},"type":"SetVariable","inputs":{"name":"Comments","value":"@{items('Apply_to_each_-_Add_Comments_to_Variable_Comments_-_Rejected')?['comments']} ; "}}},"runAfter":{},"type":"Foreach"},"Update_item_-_Changes_Status_to_Rejected_and_add_comments":{"runAfter":{"Apply_to_each_-_Add_Comments_to_Variable_Comments_-_Rejected":["Succeeded"]},"type":"OpenApiConnection","inputs":{"host":{"apiId":"/providers/Microsoft.PowerApps/apis/shared_sharepointonline","connectionName":"shared_sharepointonline","operationId":"PatchItem"},"parameters":{"dataset":"https://m365x618519.sharepoint.com/sites/HelpDesk","table":"fea4fde0-07b5-4421-882f-baac8909f90e","id":"@triggerOutputs()?['body/ID']","item/Status/Value":"Rejected","item/ApproverComments":"@variables('Comments')","item/Visibility/Value":"Private"},"authentication":"@parameters('$authentication')"}},"Terminate":{"runAfter":{"Update_item_-_Changes_Status_to_Rejected_and_add_comments":["Succeeded"]},"type":"Terminate","inputs":{"runStatus":"Succeeded"}}}},"expression":{"equals":["@outputs('Start_and_wait_for_an_approval')?['body/outcome']","Approve"]},"type":"If"}},"runAfter":{"Update_item_-_Changes_Status_to_Approval_Started":["Succeeded"]},"type":"Scope"},"Initialize_variable_-_Approvers":{"runAfter":{},"type":"InitializeVariable","inputs":{"variables":[{"name":"Approvers","type":"string","value":"admin@M365x618519.OnMicrosoft.com"}]}},"Scope_-_Teams_Creation":{"actions":{"Get_item_-_Getting_Latest_version_of_the_Request":{"runAfter":{},"type":"OpenApiConnection","inputs":{"host":{"apiId":"/providers/Microsoft.PowerApps/apis/shared_sharepointonline","connectionName":"shared_sharepointonline","operationId":"GetItem"},"parameters":{"dataset":"https://m365x618519.sharepoint.com/sites/HelpDesk","table":"fea4fde0-07b5-4421-882f-baac8909f90e","id":"@triggerOutputs()?['body/ID']"},"authentication":"@parameters('$authentication')"}},"Create_a_team":{"runAfter":{"Get_item_-_Getting_Latest_version_of_the_Request":["Succeeded"]},"type":"OpenApiConnection","inputs":{"host":{"apiId":"/providers/Microsoft.PowerApps/apis/shared_teams","connectionName":"shared_teams","operationId":"CreateATeam"},"parameters":{"body/displayName":"@outputs('Get_item_-_Getting_Latest_version_of_the_Request')?['body/TeamName']","body/description":"@{outputs('Get_item_-_Getting_Latest_version_of_the_Request')?['body/Department/Value']} - @{outputs('Get_item_-_Getting_Latest_version_of_the_Request')?['body/TeamDescription']}","body/visibility":"@outputs('Get_item_-_Getting_Latest_version_of_the_Request')?['body/Visibility/Value']"},"authentication":"@parameters('$authentication')"}},"Update_item_-_Update_Status_to_Team_Created":{"runAfter":{"Create_a_team":["Succeeded"]},"type":"OpenApiConnection","inputs":{"host":{"apiId":"/providers/Microsoft.PowerApps/apis/shared_sharepointonline","connectionName":"shared_sharepointonline","operationId":"PatchItem"},"parameters":{"dataset":"https://m365x618519.sharepoint.com/sites/HelpDesk","table":"fea4fde0-07b5-4421-882f-baac8909f90e","id":"@outputs('Get_item_-_Getting_Latest_version_of_the_Request')?['body/ID']","item/Status/Value":"Team Created","item/Visibility/Value":"@outputs('Get_item_-_Getting_Latest_version_of_the_Request')?['body/Visibility/Value']"},"authentication":"@parameters('$authentication')"}}},"runAfter":{"Scope_-_Approval_Step":["Succeeded"]},"type":"Scope"},"Scope__-_Add_Owners_and_Members":{"actions":{"Apply_to_each_-_Add_Owner(s)":{"foreach":"@outputs('Get_item_-_Getting_Latest_version_of_the_Request')?['body/TeamOwner']","actions":{"Get_user_profile_(V2)_-_Get_Owner(s)_Info":{"runAfter":{},"type":"OpenApiConnection","inputs":{"host":{"apiId":"/providers/Microsoft.PowerApps/apis/shared_office365users","connectionName":"shared_office365users","operationId":"UserProfile_V2"},"parameters":{"id":"@items('Apply_to_each_-_Add_Owner(s)')?['Email']"},"authentication":"@parameters('$authentication')"}},"Add_a_member_to_a_team_-_Add_Owner(s)":{"runAfter":{"Get_user_profile_(V2)_-_Get_Owner(s)_Info":["Succeeded"]},"type":"OpenApiConnection","inputs":{"host":{"apiId":"/providers/Microsoft.PowerApps/apis/shared_teams","connectionName":"shared_teams","operationId":"AddMemberToTeam"},"parameters":{"teamId":"@outputs('Create_a_team')?['body/newTeamId']","body/userId":"@outputs('Get_user_profile_(V2)_-_Get_Owner(s)_Info')?['body/userPrincipalName']","body/owner":true},"authentication":"@parameters('$authentication')"}}},"runAfter":{},"type":"Foreach"},"Apply_to_each_-_Add_Member(s)":{"foreach":"@outputs('Get_item_-_Getting_Latest_version_of_the_Request')?['body/TeamMembers']","actions":{"Get_user_profile_(V2)_-_Get_Member_Info":{"runAfter":{},"type":"OpenApiConnection","inputs":{"host":{"apiId":"/providers/Microsoft.PowerApps/apis/shared_office365users","connectionName":"shared_office365users","operationId":"UserProfile_V2"},"parameters":{"id":"@items('Apply_to_each_-_Add_Member(s)')?['Email']"},"authentication":"@parameters('$authentication')"}},"Add_a_member_to_a_team":{"runAfter":{"Get_user_profile_(V2)_-_Get_Member_Info":["Succeeded"]},"type":"OpenApiConnection","inputs":{"host":{"apiId":"/providers/Microsoft.PowerApps/apis/shared_teams","connectionName":"shared_teams","operationId":"AddMemberToTeam"},"parameters":{"teamId":"@outputs('Create_a_team')?['body/newTeamId']","body/userId":"@outputs('Get_user_profile_(V2)_-_Get_Member_Info')?['body/userPrincipalName']"},"authentication":"@parameters('$authentication')"}}},"runAfter":{"Apply_to_each_-_Add_Owner(s)":["Succeeded"]},"type":"Foreach"},"Update_item":{"runAfter":{"Apply_to_each_-_Add_Member(s)":["Succeeded"]},"type":"OpenApiConnection","inputs":{"host":{"apiId":"/providers/Microsoft.PowerApps/apis/shared_sharepointonline","connectionName":"shared_sharepointonline","operationId":"PatchItem"},"parameters":{"dataset":"https://m365x618519.sharepoint.com/sites/HelpDesk","table":"fea4fde0-07b5-4421-882f-baac8909f90e","id":"@outputs('Get_item_-_Getting_Latest_version_of_the_Request')?['body/ID']","item/Status/Value":"Completed"},"authentication":"@parameters('$authentication')"}}},"runAfter":{"Scope_-_Teams_Creation":["Succeeded"]},"type":"Scope"},"Scope_-_Post_to_Channel":{"actions":{"List_channels_-_Get_Channel_List_for_New_Teams":{"runAfter":{},"type":"OpenApiConnection","inputs":{"host":{"apiId":"/providers/Microsoft.PowerApps/apis/shared_teams","connectionName":"shared_teams","operationId":"GetChannelsForGroup"},"parameters":{"groupId":"@outputs('Create_a_team')?['body/newTeamId']"},"authentication":"@parameters('$authentication')"}},"Filter_array_-_Get_only_General_Channel":{"runAfter":{"List_channels_-_Get_Channel_List_for_New_Teams":["Succeeded"]},"type":"Query","inputs":{"from":"@outputs('List_channels_-_Get_Channel_List_for_New_Teams')?['body/value']","where":"@equals(item()?['displayName'], 'General')"}},"Apply_to_each_-_Append_GeneralChannelID_with_Info":{"foreach":"@body('Filter_array_-_Get_only_General_Channel')","actions":{"Append_to_string_variable":{"runAfter":{},"type":"AppendToStringVariable","inputs":{"name":"GeneralChannelID","value":"@items('Apply_to_each_-_Append_GeneralChannelID_with_Info')?['id']"}}},"runAfter":{"Filter_array_-_Get_only_General_Channel":["Succeeded"]},"type":"Foreach"},"Post_your_own_adaptive_card_as_the_Flow_bot_to_a_channel":{"runAfter":{"Apply_to_each_-_Append_GeneralChannelID_with_Info":["Succeeded"]},"type":"OpenApiConnection","inputs":{"host":{"apiId":"/providers/Microsoft.PowerApps/apis/shared_teams","connectionName":"shared_teams","operationId":"PostChannelAdaptiveCard"},"parameters":{"groupId":"@outputs('Create_a_team')?['body/newTeamId']","PostAdaptiveCardRequest/recipient/channelId":"@variables('GeneralChannelID')","PostAdaptiveCardRequest/messageBody":"{\n    \"$schema\": \"http://adaptivecards.io/schemas/adaptive-card.json\",\n    \"type\": \"AdaptiveCard\",\n    \"version\": \"1.2\",\n    \"fallbackText\": \"This card requires Media to be viewed. Ask your platform to update to Adaptive Cards v1.1 for this and more!\",\n    \"actions\": [\n        {\n            \"type\": \"Action.OpenUrl\",\n            \"title\": \"Additional Training for Teams\",\n            \"url\": \"https://support.microsoft.com/en-us/office/microsoft-teams-video-training-4f108e54-240b-4351-8084-b1089f0d21d7\",\n            \"style\": \"positive\"\n        }\n    ],\n    \"body\": [\n        {\n            \"type\": \"TextBlock\",\n            \"text\": \"Welcome to Your New Teams Site!\",\n            \"wrap\": true\n        }\n    ]\n}","PostAdaptiveCardRequest/messageTitle":"Maximize Your Teams Experience!!"},"authentication":"@parameters('$authentication')"}}},"runAfter":{"Scope__-_Add_Owners_and_Members":["Succeeded"]},"type":"Scope"}}},"connectionReferences":{"shared_sharepointonline":{"connectionName":"30fdb5aafe7d4e658e3b1a483ed8be32","source":"Embedded","id":"/providers/Microsoft.PowerApps/apis/shared_sharepointonline","tier":"NotSpecified"},"shared_approvals":{"connectionName":"shared-approvals-5914c457-4641-4988-9162-9bb7-e70ada4c","source":"Embedded","id":"/providers/Microsoft.PowerApps/apis/shared_approvals","tier":"NotSpecified"},"shared_teams":{"connectionName":"shared-teams-16b0ca94-ea74-4f36-8c4f-ebb0e8ddb6b0","source":"Embedded","id":"/providers/Microsoft.PowerApps/apis/shared_teams","tier":"NotSpecified"},"shared_office365users":{"connectionName":"4a4618f2cdfc4f81a16ff1ad8274d6aa","source":"Embedded","id":"/providers/Microsoft.PowerApps/apis/shared_office365users","tier":"NotSpecified"}},"flowFailureAlertSubscribed":false}}